{"figs":{"plain":{"all":"figs/plain.svg","a":"figs/plain_1.svg","b":"figs/plain_2.svg","c":"figs/plain_3.svg"},"spectral":{"all":"figs/spectral.svg","a":"figs/spectral_1.svg","b":"figs/spectral_2.svg","c":"figs/spectral_3.svg"},"trajectory":{"all":"figs/trajectory.svg","a":"figs/trajectory_1.svg","b":"figs/trajectory_2.svg","c":"figs/trajectory_3.svg"}},"variance":{"PosWeather":0.010988157913308594,"Forward":0.07120307508456951,"Dating":0.05373635007786513,"PosEmoji":0.04519000503418067,"SelfBlame":0.04432196173081715,"SelfCare":0.08425195368553783,"Healthcare":0.00980489021251771,"Dysphoria":0.029153551920281174,"Play":0.04856808141258173,"Humor":0.046048638654038916,"NeuEmph":0.014481502914649468,"NegWeather":0.006805553595204828,"Work":0.006198629009113283,"Identity":0.0789495970303039,"Stranger":0.0206660173985048,"NegEmoji":0.0025076806541611987,"Gratitude":0.06714514907291093,"PosEmph":0.046048638654038895,"Friends":0.06445633201127283,"Boundaries":0.07170414073122648,"Family":0.013326464264374461,"NegEmph":0.07120307508456951,"Locals":0.009209727730807775,"Anxiety":0.08403082612316345}}